id,name,field,enrolled_count,enrolled_as_of
1,글로벌비즈니스어학부,인문계열,198,2025-10-01
2,국제비즈니스어학부,인문계열,22,2025-10-01
3,문화콘텐츠학과(인문과학대학),인문계열,0,2025-10-01
4,인성교양대학,인문계열,0,2025-10-01
5,경영학부,사회계열,457,2025-10-01
6,글로벌경영학과,사회계열,1,2025-10-01
7,글로벌관광경영학과,사회계열,56,2025-10-01
8,관광비즈니스한국어학과,사회계열,1,2025-10-01
9,광고홍보영상학과,사회계열,80,2025-10-01
10,광고홍보콘텐츠학과,사회계열,115,2025-10-01
11,물류유통경영학과,사회계열,28,2025-10-01
12,공공인적자원학부(사회과학대학),사회계열,6,2025-10-01
13,아동학과,사회계열,75,2025-10-01
14,아동청소년학과,사회계열,27,2025-10-01
15,군사학과,사회계열,156,2025-10-01
16,경찰행정전공,사회계열,44,2025-10-01
17,공공인재학부,사회계열,0,2025-10-01
18,공공인적자원학과(사회과학대학),사회계열,10,2025-10-01
19,공공인재전공,사회계열,122,2025-10-01
20,미래융합대학,사회계열,0,2025-10-01
21,토목건축공학과,공학계열,98,2025-10-01
22,도시공학과,공학계열,105,2025-10-01
23,전자공학과,공학계열,134,2025-10-01
24,전자컴퓨터공학과,공학계열,178,2025-10-01
25,나노융합공학과,공학계열,1,2025-10-01
26,컴퓨터공학과,공학계열,161,2025-10-01
27,컴퓨터과학과,공학계열,4,2025-10-01
28,소프트웨어학과,공학계열,296,2025-10-01
29,산업경영시스템공학과,공학계열,1,2025-10-01
30,물류시스템공학과,공학계열,92,2025-10-01
31,화학생명공학과,자연계열,5,2025-10-01
32,나노화학생명공학과,자연계열,128,2025-10-01
33,금융정보공학과(이공대학),자연계열,131,2025-10-01
34,디자인학부,예체능계열,0,2025-10-01
35,시각정보디자인전공,예체능계열,43,2025-10-01
36,VD_비주얼디자인,예체능계열,86,2025-10-01
37,무대패션전공,예체능계열,102,2025-10-01
38,생활문화디자인전공,예체능계열,43,2025-10-01
39,LF_라이프스타일디자인,예체능계열,99,2025-10-01
40,공연예술학부,예체능계열,0,2025-10-01
41,미용예술학과,예체능계열,29,2025-10-01
42,영화영상학과,예체능계열,113,2025-10-01
43,메이크업디자인학과,예체능계열,223,2025-10-01
44,헤어디자인학과,예체능계열,565,2025-10-01
45,뷰티테라피 & 메이크업학과,예체능계열,285,2025-10-01
46,헤어?메이크업 디자인학과,예체능계열,0,2025-10-01
47,아트앤테크놀로지학과,예체능계열,46,2025-10-01
48,글로벌뷰티테라피&코스메틱학과,예체능계열,214,2025-10-01
49,글로벌메이크업디자인학과,예체능계열,144,2025-10-01
50,코스메틱&뷰티테라피학과,예체능계열,47,2025-10-01
51,코스메틱뷰티매니지먼트학과,예체능계열,59,2025-10-01
52,무용예술학과,예체능계열,0,2025-10-01
53,무용예술학부,예체능계열,189,2025-10-01
54,한국무용전공,예체능계열,1,2025-10-01
55,실용무용전공,예체능계열,0,2025-10-01
56,스포츠앤테크놀로지학과,예체능계열,56,2025-10-01
57,연기전공,예체능계열,112,2025-10-01
58,무대기술전공,예체능계열,83,2025-10-01
59,뮤지컬학과,예체능계열,2,2025-10-01
60,모델연기전공,예체능계열,114,2025-10-01
61,공연예술학부(예술대학),예체능계열,0,2025-10-01
62,연출전공,예체능계열,37,2025-10-01
63,음악학부,예체능계열,0,2025-10-01
64,관현악전공,예체능계열,90,2025-10-01
65,피아노전공,예체능계열,37,2025-10-01
66,뮤지컬전공,예체능계열,120,2025-10-01
67,실용음악학과,예체능계열,4,2025-10-01
68,실용음악학부,예체능계열,156,2025-10-01
69,자유전공학부,무전공,71,2025-10-01
70,미래융합학부1,무전공,325,2025-10-01
71,미래융합학부2,무전공,283,2025-10-01
72,소속학과없음,,0,2025-10-01
