institution_id,seq,doc_title,doc_pages,page,scene,caption,caption_source,width,height
3,1,(주)오뷔엘알_서경대_표준 현장실습학기제_실습기관 소개서.pdf,2,2,건물전경,부산 본사 / 서울 지사 전경,TEXT,1001,566
3,2,(주)오뷔엘알_서경대_표준 현장실습학기제_실습기관 소개서.pdf,2,2,활동행사,올리비아로렌 올해의 브랜드 대상 수상,TEXT,1001,611
4,1,(주) 챔프스터디_서경대_표준 현장실습학기제_실습기관 소개서.pdf,3,2,건물전경,기업 로고,TEXT,1000,688
4,2,(주) 챔프스터디_서경대_표준 현장실습학기제_실습기관 소개서.pdf,3,2,근무환경,본관 건물 내 카페,TEXT,1000,688
4,3,(주) 챔프스터디_서경대_표준 현장실습학기제_실습기관 소개서.pdf,3,3,근무환경,사내 시설,TEXT,1001,688
4,4,(주) 챔프스터디_서경대_표준 현장실습학기제_실습기관 소개서.pdf,3,3,근무환경,사내 시설,TEXT,1000,688
6,1,주식회사 선도소프트_서경대_표준 현장실습학기제 실습기관 소개서.pdf,3,3,활동행사,매년 새로운 컨셉의 선도가요제,TEXT,1001,746
6,2,주식회사 선도소프트_서경대_표준 현장실습학기제 실습기관 소개서.pdf,3,3,활동행사,뮤지컬 데스노트 단체관람,TEXT,1001,585
6,3,주식회사 선도소프트_서경대_표준 현장실습학기제 실습기관 소개서.pdf,3,3,활동행사,선도 올림픽,TEXT,1001,717
6,4,주식회사 선도소프트_서경대_표준 현장실습학기제 실습기관 소개서.pdf,3,3,활동행사,겨울 스키타요!,TEXT,1001,650
7,1,주식회사 소서_서경대_표준 현장실습학기제 실습기관 소개서.pdf,2,2,제품,브랜드 원오세븐 제품 사진,TEXT,1001,618
7,2,주식회사 소서_서경대_표준 현장실습학기제 실습기관 소개서.pdf,2,2,인물,allure ‘그린왕’ 방영,TEXT,1001,638
7,3,주식회사 소서_서경대_표준 현장실습학기제 실습기관 소개서.pdf,2,2,활동행사,브랜드 원오세븐 팝업스토어 행사 사진,TEXT,1001,662
7,4,주식회사 소서_서경대_표준 현장실습학기제 실습기관 소개서.pdf,2,2,활동행사,브랜드 원오세븐 팝업스토어 행사 사진,TEXT,1001,659
8,1,(주)제이숲_서경대_표준 현장실습학기제_실습기관 소개서.pdf,3,3,기타,외관,MANUAL,1001,659
8,2,(주)제이숲_서경대_표준 현장실습학기제_실습기관 소개서.pdf,3,3,기타,식당,MANUAL,1001,661
8,3,(주)제이숲_서경대_표준 현장실습학기제_실습기관 소개서.pdf,3,3,기타,탕비공간,MANUAL,1001,698
8,4,(주)제이숲_서경대_표준 현장실습학기제_실습기관 소개서.pdf,3,3,기타,사무실,MANUAL,1001,700
9,1,주식회사 위아프렌즈_서경대_표준 현장실습학기제 실습기관 소개서.pdf,3,2,근무환경,<본사 1>,VISION,1001,877
9,2,주식회사 위아프렌즈_서경대_표준 현장실습학기제 실습기관 소개서.pdf,3,2,근무환경,<본사 2>,VISION,1001,943
9,3,주식회사 위아프렌즈_서경대_표준 현장실습학기제 실습기관 소개서.pdf,3,2,근무환경,<서울 등산관광센터 1>,VISION,1001,943
9,4,주식회사 위아프렌즈_서경대_표준 현장실습학기제 실습기관 소개서.pdf,3,2,근무환경,<서울 등산관광센터 2>,VISION,1001,943
10,1,스미스 주식회사_서경대_표준 현장실습학기제_실습기관 소개서.pdf,4,3,건물전경,외부 전경,TEXT,1001,705
10,2,스미스 주식회사_서경대_표준 현장실습학기제_실습기관 소개서.pdf,4,3,근무환경,내부 전경,TEXT,1001,743
10,3,스미스 주식회사_서경대_표준 현장실습학기제_실습기관 소개서.pdf,4,3,활동행사,쿠키런 X 인천국제공항 공간연출,TEXT,1001,696
10,4,스미스 주식회사_서경대_표준 현장실습학기제_실습기관 소개서.pdf,4,3,활동행사,기아타이거즈 X 브래드이발소 콜라보 이벤트,TEXT,1001,694
10,5,스미스 주식회사_서경대_표준 현장실습학기제_실습기관 소개서.pdf,4,3,활동행사,"핑크퐁 X 천안 K-컬처박람회 K-컬처 비정상회담, 신비아파트 싱어롱쇼, 키즈존 운영",TEXT,1001,708
10,6,스미스 주식회사_서경대_표준 현장실습학기제_실습기관 소개서.pdf,4,3,활동행사,순천시 글로벌콘텐츠 페스티벌 쿠키런 조형물 전시,TEXT,1001,735
10,7,스미스 주식회사_서경대_표준 현장실습학기제_실습기관 소개서.pdf,4,4,제품,한컴X옥스포드 굿즈 제작,TEXT,1001,698
10,8,스미스 주식회사_서경대_표준 현장실습학기제_실습기관 소개서.pdf,4,4,제품,카카오X롯데호텔 굿즈 제작,TEXT,1001,686
11,1,(주) 델타텍코리아_서경대_표준 현장실습학기제 실습기관 소개서.pdf,2,2,근무환경,사무실 내부,VISION,1001,735
11,2,(주) 델타텍코리아_서경대_표준 현장실습학기제 실습기관 소개서.pdf,2,2,근무환경,사무실 내부,VISION,1001,742
11,3,(주) 델타텍코리아_서경대_표준 현장실습학기제 실습기관 소개서.pdf,2,2,근무환경,소회의실,VISION,1001,697
11,4,(주) 델타텍코리아_서경대_표준 현장실습학기제 실습기관 소개서.pdf,2,2,근무환경,탕비실,VISION,1001,705
12,1,(주) 비욘드마케팅그룹_서경대_표준 현장실습학기제_실습기관 소개서.pdf,2,2,근무환경,사무실 전경,TEXT,1001,666
12,2,(주) 비욘드마케팅그룹_서경대_표준 현장실습학기제_실습기관 소개서.pdf,2,2,근무환경,사무실 전경,TEXT,1001,662
12,3,(주) 비욘드마케팅그룹_서경대_표준 현장실습학기제_실습기관 소개서.pdf,2,2,활동행사,아모레퍼시픽 우수 협력사,TEXT,1001,631
12,4,(주) 비욘드마케팅그룹_서경대_표준 현장실습학기제_실습기관 소개서.pdf,2,2,건물전경,사무실 전경,TEXT,1001,652
14,1,(주)미디어 코퍼스_서경대_표준 현장실습학기제_실습기관 소개서.pdf,2,2,건물전경,사무실 입구,TEXT,1001,563
14,2,(주)미디어 코퍼스_서경대_표준 현장실습학기제_실습기관 소개서.pdf,2,2,근무환경,사무실 내부,TEXT,1001,564
14,3,(주)미디어 코퍼스_서경대_표준 현장실습학기제_실습기관 소개서.pdf,2,2,건물전경,송파테라타워2 및 문정비즈밸리 일대,TEXT,1001,564
14,4,(주)미디어 코퍼스_서경대_표준 현장실습학기제_실습기관 소개서.pdf,2,2,건물전경,건물 로비,TEXT,1001,618
15,1,주식회사 직진코퍼레이션_서경대_표준 현장실습학기제_실습기관 소개서.pdf,2,2,활동행사,공동의 목표를 위한 협업,TEXT,1001,545
16,1,에퀴코리아(주)_서경대_표준 현장실습학기제_실습기관 소개서.pdf,3,2,근무환경,<사무실 전경1>,TEXT,1001,751
16,2,에퀴코리아(주)_서경대_표준 현장실습학기제_실습기관 소개서.pdf,3,2,근무환경,<사무실 전경2>,TEXT,1001,748
16,3,에퀴코리아(주)_서경대_표준 현장실습학기제_실습기관 소개서.pdf,3,2,활동행사,<통역 행사장 전경1>,TEXT,1001,752
16,4,에퀴코리아(주)_서경대_표준 현장실습학기제_실습기관 소개서.pdf,3,2,활동행사,<통역 행사장 전경2>,TEXT,1001,751
17,1,(주)빌딩닥터엔지니어링_서경대_표준 현장실습학기제 실습기관 소개서.pdf,2,2,기타,< 사무실 전경 1 >,MANUAL,1001,703
17,2,(주)빌딩닥터엔지니어링_서경대_표준 현장실습학기제 실습기관 소개서.pdf,2,2,기타,< 사무실 전경 2 >,MANUAL,1001,724
17,3,(주)빌딩닥터엔지니어링_서경대_표준 현장실습학기제 실습기관 소개서.pdf,2,2,기타,< 2026 월드컵 예선전 관람>,MANUAL,1001,851
17,4,(주)빌딩닥터엔지니어링_서경대_표준 현장실습학기제 실습기관 소개서.pdf,2,2,기타,< 국토부 무량판 안전점검 수행 >,MANUAL,1001,443
18,1,애브뉴준오 더현대서울점_서경대_표준 현장실습학기제 실습기관 소개서.pdf,2,2,근무환경,매장 시술석,VISION,1001,714
18,2,애브뉴준오 더현대서울점_서경대_표준 현장실습학기제 실습기관 소개서.pdf,2,2,근무환경,매장 대기석,VISION,1001,748
18,3,애브뉴준오 더현대서울점_서경대_표준 현장실습학기제 실습기관 소개서.pdf,2,2,제품,대표원장 매출갱신,VISION,1001,676
18,4,애브뉴준오 더현대서울점_서경대_표준 현장실습학기제 실습기관 소개서.pdf,2,2,활동행사,대표원장 2026년 준오대상,VISION,1001,683
