job_id,ncs_code,ncs_name,note
101,02010202,광고,광고대행사 AE — 캠페인·콘텐츠 기획과 집행·성과 분석
102,20030306,소셜미디어방송서비스,SNS 매거진·유튜브 채널 콘텐츠 기획·제작
103,20030306,소셜미디어방송서비스,인플루언서 시딩·소통·제품 발송과 인스타그램 채널 관리
104,20030306,소셜미디어방송서비스,해외 인플루언서 시딩·소통과 SNS 채널 관리
105,08030406,영상편집,숏폼 기획·촬영·프리미어/애프터이펙트 편집이 주차 계획의 중심
106,02010302,고객관리,CRM — 고객·상품·매장 세일즈 데이터 분석과 CRM 캠페인
107,18020101,패션기획,여성복 상품MD — 시장조사·상품기획
108,18020101,패션기획,여성복 상품MD — 시장조사·상품기획
109,10030102,전자상거래,자사몰 데이터 관리·구매전환율 개선(온라인MD)
110,18020102,패션디자인,의상디자인 — 트렌드 조사·샘플 분석
111,18020102,패션디자인,니트 의상디자인
112,08020105,텍스타일디자인,소재팀 — 편물 소재·원단 스와치 분류
113,18020103,패턴,패션 3D CAD·2D 패턴 제도
114,18020101,패션기획,여성복 상품MD — 시장조사·상품기획
115,08030406,영상편집,강의 영상 디자인 — 숏폼·마이크로러닝 영상 편집·자막
116,04030202,이러닝콘텐츠개발,온라인 강의 콘텐츠 검수·영상 검수·유지보수
117,02030201,회계·감사,재무제표 기초 데이터 집계·회계 정보 요청 대응
118,02030102,자금,자금 일정관리·자금 정보 요청 대응
119,20010202,응용SW엔지니어링,웹·응용 프로그램 개발·테스트·유지보수
120,10030102,전자상거래,플랫폼 운영·상품 등록·상세페이지·기획전(AMD)
121,08020101,시각디자인,디자인 아이디어 제안·홍보물·상세페이지 디자인
122,02010301,마케팅전략기획,상품 기획 아이디어·신제품 기획·SNS 홍보 마케팅
123,02010301,마케팅전략기획,상품 기획 아이디어·신제품 기획·SNS 홍보 마케팅(해외)
124,02040305,물류기획,물류·유통 효율 개선 제안·물류 프로세스
125,20030306,소셜미디어방송서비스,바이럴 — 인플루언서 발굴·시딩 모니터링·콘텐츠 성과 분석
126,10030102,전자상거래,온라인 커머스 상품 운영·판매 데이터 분석·프로모션(AMD)
127,20030306,소셜미디어방송서비스,해외 체험단 — 인플루언서 섭외·업로드 관리·성과 분석
128,10030102,전자상거래,쿠팡 등 온라인 채널 트래픽·광고·매출 데이터와 바이럴
129,20030306,소셜미디어방송서비스,바이럴 — 체험단 인플루언서 섭외·업로드 관리·성과 분석
130,08030101,문화콘텐츠기획,외국인 대상 한국 여행 콘텐츠 리서치·제작 보조
131,12030101,여행상품개발,등산·유교 문화 프로그램 기획·일정·참가자 응대
132,12030303,이벤트기획,IP 마케팅·팝업스토어·박람회 등 행사 기획·운영
133,10010102,해외영업,해외 시장조사·수출 판촉·거래선 관리·수요기업 매칭
134,02010202,광고,디지털 광고대행 AE — 캠페인·인플루언서·광고 리포트
135,08020111,패키지디자인,화장품 패키지 디자인 수정·문안·인쇄 데이터
136,20010706,인공지능학습데이터구축,AI 학습데이터 수집·정제·라벨링·품질 검수
137,10010102,해외영업,중국 시장 조사·파트너 발굴·컨택·리포트(BD)
138,12030301,회의기획,수출상담회 통역 프로젝트 운영·상담 실적 집계
139,14010301,유지관리,건축물 안전점검·정밀안전진단 현장조사 보조
140,12010101,헤어미용,살롱 샴푸·시술 준비·고객 응대
