id,label,status,departments,note
1,광고홍보콘텐츠학과,CONFIRMED,광고홍보콘텐츠학과;광고홍보영상학과,광고홍보영상학과는 이 학과의 옛 이름 — 고학년이 옛 이름으로 남아 있다 (10/7 사용자 확정)
2,무대패션디자인전공,CONFIRMED,무대패션전공,교육통계 이름은 무대패션전공 (10/1 사용자 확정)
3,영화영상학과,EXACT,영화영상학과,학과 이름과 같음
4,경영학부,EXACT,경영학부,학과 이름과 같음
5,영상,CONFIRMED,영화영상학과;광고홍보영상학과;광고홍보콘텐츠학과,'영상'이 이름에 든 학과 (10/1 사용자 확정) + 광고홍보영상학과의 새 이름 광고홍보콘텐츠학과 (10/7 — 같은 학과는 같게)
6,디자인계열,CONFIRMED,시각정보디자인전공;VD_비주얼디자인;무대패션전공;생활문화디자인전공;LF_라이프스타일디자인,디자인학부 소속 전공(미용 계열 디자인 학과는 뺌) (10/1 사용자 확정)
7,인문,CONFIRMED,글로벌비즈니스어학부;국제비즈니스어학부,교육통계 대계열 인문 전부 (10/1 사용자 확정)
8,사회계열,CONFIRMED,경영학부;글로벌경영학과;글로벌관광경영학과;관광비즈니스한국어학과;광고홍보영상학과;광고홍보콘텐츠학과;물류유통경영학과;공공인적자원학부(사회과학대학);아동학과;아동청소년학과;군사학과;경찰행정전공;공공인적자원학과(사회과학대학);공공인재전공,교육통계 대계열 사회 전부 (10/1 사용자 확정)
9,금융정보공학과,CONFIRMED,금융정보공학과(이공대학),교육통계 이름에 (이공대학)이 붙음 (10/1 사용자 확정)
10,소프트웨어학과,EXACT,소프트웨어학과,학과 이름과 같음
11,미용예술대학,CONFIRMED,미용예술학과;메이크업디자인학과;헤어디자인학과;뷰티테라피 & 메이크업학과;글로벌뷰티테라피&코스메틱학과;글로벌메이크업디자인학과;코스메틱&뷰티테라피학과;코스메틱뷰티매니지먼트학과,단과대학 표기 → 소속 학과(교육통계 예체능계열의 미용·뷰티 학과) (10/1 사용자 확정)
12,디자인학부,CONFIRMED,시각정보디자인전공;VD_비주얼디자인;무대패션전공;생활문화디자인전공;LF_라이프스타일디자인,교육통계의 디자인학부는 재학생 0 — 소속 전공으로 (10/1 사용자 확정)
13,글로벌비즈니스어학부,EXACT,글로벌비즈니스어학부,학과 이름과 같음
14,나노화학생명공학과,EXACT,나노화학생명공학과,학과 이름과 같음
15,물류시스템공학과,EXACT,물류시스템공학과,학과 이름과 같음
16,인문사회계열,CONFIRMED,글로벌비즈니스어학부;국제비즈니스어학부;경영학부;글로벌경영학과;글로벌관광경영학과;관광비즈니스한국어학과;광고홍보영상학과;광고홍보콘텐츠학과;물류유통경영학과;공공인적자원학부(사회과학대학);아동학과;아동청소년학과;군사학과;경찰행정전공;공공인적자원학과(사회과학대학);공공인재전공,교육통계 대계열 인문·사회 전부 (10/1 사용자 확정)
17,글로벌비즈니스어학부(영어),CONFIRMED,글로벌비즈니스어학부,영어 전공은 학부 안의 전공 — 학부 단위로 (10/1 사용자 확정)
18,중어전공,CONFIRMED,글로벌비즈니스어학부;미래융합학부1,"계획서마다 가리키는 학부가 달라 둘 다 연결(10/2 사용자 확정): 직진 '글로벌비즈니스어학부(영어, 일어, 중어, 노어, 불어) 중 1명', 제이숲 '미래융합학부- 비즈니스 중어전공'(비즈니스중어전공은 미래융합학부1 소속)"
19,글로벌비즈니스어학부 영어전공,CONFIRMED,글로벌비즈니스어학부,영어 전공은 학부 안의 전공 — 학부 단위로 (10/1 사용자 확정)
20,디자인,CONFIRMED,시각정보디자인전공;VD_비주얼디자인;무대패션전공;생활문화디자인전공;LF_라이프스타일디자인,디자인계열과 같게 (10/1 사용자 확정)
21,미용예술계열,CONFIRMED,미용예술학과;메이크업디자인학과;헤어디자인학과;뷰티테라피 & 메이크업학과;글로벌뷰티테라피&코스메틱학과;글로벌메이크업디자인학과;코스메틱&뷰티테라피학과;코스메틱뷰티매니지먼트학과,미용예술대학과 같게 (10/1 사용자 확정)
22,디자인계열(시각디자인 선호),CONFIRMED,시각정보디자인전공;VD_비주얼디자인;무대패션전공;생활문화디자인전공;LF_라이프스타일디자인,디자인계열과 같게(시각디자인은 선호일 뿐) (10/1 사용자 확정)
23,이공계열,CONFIRMED,토목건축공학과;도시공학과;전자공학과;전자컴퓨터공학과;나노융합공학과;컴퓨터공학과;컴퓨터과학과;소프트웨어학과;산업경영시스템공학과;물류시스템공학과;화학생명공학과;나노화학생명공학과;금융정보공학과(이공대학),교육통계 대계열 공학·자연 전부 (10/1 사용자 확정)
24,토목건축공학과,EXACT,토목건축공학과,학과 이름과 같음
25,헤어디자인학과,EXACT,헤어디자인학과,학과 이름과 같음
