from_code,rank,to_code,note
02010202,1,02010201,광고 → PR(같은 홍보·광고)
02010202,2,02010301,광고 → 마케팅전략기획
02010202,3,08030204,광고 → 광고콘텐츠제작(크리에이티브·제작)
20030306,1,02010202,SNS 운영 → 광고(캠페인·브랜드)
20030306,2,02010201,SNS 운영 → PR(온라인 PR)
20030306,3,02010301,SNS 운영 → 마케팅전략기획
08030406,1,08030402,영상편집 → 영상촬영
08030406,2,08030401,영상편집 → 영상연출
08030406,3,08030405,영상편집 → 영상그래픽(모션그래픽)
02010302,1,02010303,고객관리 → 통계조사
02010302,2,02010301,고객관리 → 마케팅전략기획
02010302,3,20010105,고객관리 → 빅데이터분석
18020101,1,18020104,패션기획 → 비주얼머천다이징
18020101,2,18020301,패션기획 → 의류유통관리
18020101,3,18020102,패션기획 → 패션디자인
10030102,1,02010304,전자상거래 → 유통관리
10030102,2,02010301,전자상거래 → 마케팅전략기획
10030102,3,02010302,전자상거래 → 고객관리
18020102,1,18020103,패션디자인 → 패턴
18020102,2,18020101,패션디자인 → 패션기획
18020102,3,08020105,패션디자인 → 텍스타일디자인
08020105,1,18020102,텍스타일디자인 → 패션디자인
08020105,2,08020108,텍스타일디자인 → 색채디자인
08020105,3,18020101,텍스타일디자인 → 패션기획
18020103,1,18020102,패턴 → 패션디자인
18020103,2,18020201,패턴 → 제직의류생산
18020103,3,18020101,패턴 → 패션기획
04030202,1,04030203,이러닝콘텐츠개발 → 이러닝과정운영
04030202,2,04030201,이러닝콘텐츠개발 → 이러닝시스템개발
04030202,3,08030406,이러닝콘텐츠개발 → 영상편집
02030201,1,02030202,회계·감사 → 세무
02030201,2,02030102,회계·감사 → 자금
02030201,3,02030101,회계·감사 → 예산
02030102,1,02030101,자금 → 예산
02030102,2,02030201,자금 → 회계·감사
02030102,3,02030202,자금 → 세무
20010202,1,20010204,응용SW → DB엔지니어링
20010202,2,20010705,응용SW → 인공지능서비스구현
20010202,3,20010403,응용SW → IT테스트
08020101,1,08020104,시각디자인 → 디지털디자인
08020101,2,08020111,시각디자인 → 패키지디자인
08020101,3,08030204,시각디자인 → 광고콘텐츠제작
02010301,1,02010302,마케팅전략기획 → 고객관리
02010301,2,02010303,마케팅전략기획 → 통계조사
02010301,3,02010202,마케팅전략기획 → 광고
02040305,1,02040306,물류기획 → 운송관리
02040305,2,02040307,물류기획 → 보관·하역관리
02040305,3,02040302,물류기획 → 수출입관리
08030101,1,12030101,문화콘텐츠기획 → 여행상품개발
08030101,2,08030201,문화콘텐츠기획 → 방송콘텐츠제작
08030101,3,20030306,문화콘텐츠기획 → 소셜미디어방송서비스
12030101,1,12030102,여행상품개발 → 여행상품상담
12030101,2,12030303,여행상품개발 → 이벤트기획
12030101,3,08010101,여행상품개발 → 문화·예술기획
12030303,1,12030302,이벤트기획 → 전시기획
12030303,2,12030301,이벤트기획 → 회의기획
12030303,3,02010201,이벤트기획 → PR
10010102,1,02040302,해외영업 → 수출입관리
10010102,2,10010101,해외영업 → 일반영업
10010102,3,02010301,해외영업 → 마케팅전략기획
08020111,1,08020101,패키지디자인 → 시각디자인
08020111,2,08020102,패키지디자인 → 제품디자인
08020111,3,08020108,패키지디자인 → 색채디자인
20010706,1,20010703,AI 학습데이터 → 인공지능모델링
20010706,2,20010704,AI 학습데이터 → 인공지능서비스운영관리
20010706,3,20010304,AI 학습데이터 → 빅데이터운영·관리
12030301,1,12030302,회의기획 → 전시기획
12030301,2,12030303,회의기획 → 이벤트기획
12030301,3,10010102,회의기획 → 해외영업
14010301,1,14010202,유지관리 → 건설공사품질관리
14010301,2,14010201,유지관리 → 건설공사공정관리
14010301,3,14030102,유지관리 → 건축구조설계
12010101,1,12010103,헤어미용 → 메이크업
12010101,2,12010102,헤어미용 → 피부미용
12010101,3,12010104,헤어미용 → 네일미용
