ncs_code,keco_code,action,note
20030306,0241,ADD,공식 연계표에 이 세분류가 없음 — 소셜미디어 마케팅·채널 운영
20030306,4155,ADD,공식 연계표에 없음 — 소셜미디어 콘텐츠 제작
20030306,4166,ADD,공식 연계표에 없음 — 소셜미디어 영상 제작
10030102,6154,ADD,공식 연계표에 없음 — 온라인 판매
10030102,0243,ADD,공식 연계표에 없음 — 상품 기획(MD)
10030102,0241,ADD,공식 연계표에 없음 — 온라인 마케팅
04030202,4155,ADD,공식 연계표에 없음 — 이러닝 콘텐츠 디자인
04030202,4166,ADD,공식 연계표에 없음 — 강의 영상 편집
02030102,0271,ADD,공식 연계표에 없음 — 자금 업무
02030102,0261,ADD,공식 연계표에 없음 — 자금 계획
08030101,0244,ADD,공식 연계표에 없음 — 콘텐츠·행사 기획
08030101,4111,ADD,공식 연계표에 없음 — 콘텐츠 원고
08030101,0241,ADD,공식 연계표에 없음 — 콘텐츠 홍보
10010102,0281,ADD,공식 연계표에 없음 — 수출입·무역 사무
10010102,6132,ADD,공식 연계표에 없음 — 제품 영업
10010102,6121,ADD,공식 연계표에 없음 — 기술 영업
14010301,1402,ADD,공식 연계표에 없음 — 건축물 안전진단
14010301,1584,ADD,공식 연계표에 없음 — 시설물 위험 관리
08020101,1401,DROP,디자인 소분류 전체에 붙은 직업 — 시각디자인과 무관
08020101,1404,DROP,디자인 소분류 전체에 붙은 직업 — 시각디자인과 무관
08020101,1591,DROP,디자인 소분류 전체에 붙은 직업 — 시각디자인과 무관
08020101,4153,DROP,디자인 소분류 전체에 붙은 직업 — 시각디자인과 무관
08020105,1401,DROP,디자인 소분류 전체에 붙은 직업 — 텍스타일디자인과 무관
08020105,1404,DROP,디자인 소분류 전체에 붙은 직업 — 텍스타일디자인과 무관
08020105,1591,DROP,디자인 소분류 전체에 붙은 직업 — 텍스타일디자인과 무관
08020105,4153,DROP,디자인 소분류 전체에 붙은 직업 — 텍스타일디자인과 무관
08020111,1401,DROP,디자인 소분류 전체에 붙은 직업 — 패키지디자인과 무관
08020111,1404,DROP,디자인 소분류 전체에 붙은 직업 — 패키지디자인과 무관
08020111,1591,DROP,디자인 소분류 전체에 붙은 직업 — 패키지디자인과 무관
08020111,4153,DROP,디자인 소분류 전체에 붙은 직업 — 패키지디자인과 무관
18020101,4153,DROP,패션 소분류에 붙은 실내장식 — 패션기획과 무관
18020102,4153,DROP,패션 소분류에 붙은 실내장식 — 패션디자인과 무관
18020103,4153,DROP,패션 소분류에 붙은 실내장식 — 패턴과 무관
08030406,4153,DROP,영상제작 소분류에 붙은 실내장식 — 영상편집과 무관
02030201,0233,DROP,회계 소분류에 붙은 관세 — 회계·감사와 무관
02030201,0252,DROP,회계 소분류에 붙은 관세 — 회계·감사와 무관
02010303,0241,DROP,마케팅 소분류 전체에 붙은 직업 — 통계조사와 무관
02010303,0243,DROP,마케팅 소분류 전체에 붙은 직업 — 통계조사와 무관
02010303,0261,DROP,마케팅 소분류 전체에 붙은 직업 — 통계조사와 무관
02010303,0292,DROP,마케팅 소분류 전체에 붙은 직업 — 통계조사와 무관
02010304,0241,DROP,마케팅 소분류 전체에 붙은 직업 — 유통관리와 무관
02010304,0242,DROP,마케팅 소분류 전체에 붙은 직업 — 유통관리와 무관
02010304,0292,DROP,마케팅 소분류 전체에 붙은 직업 — 유통관리와 무관
02010304,0293,DROP,마케팅 소분류 전체에 붙은 직업 — 유통관리와 무관
02030101,0261,ADD,공식 연계표에 없음 — 예산 편성·관리
02030101,0271,ADD,공식 연계표에 없음 — 예산 집행 회계
02030202,0233,DROP,회계 소분류에 붙은 관세 — 세무와 무관
02030202,0252,DROP,회계 소분류에 붙은 관세 — 세무와 무관
02040306,0233,DROP,물류 소분류에 붙은 관세 — 운송관리와 무관
02040306,0282,ADD,공식 연계표에 없음 — 도로·철도 운송 사무
02040307,0233,DROP,물류 소분류에 붙은 관세 — 보관·하역관리와 무관
02040307,0281,DROP,물류 소분류에 붙은 무역 — 보관·하역관리와 무관
02040307,6230,ADD,공식 연계표에 없음 — 하역·물품 이동
04030201,1332,ADD,공식 연계표에 없음 — 학습관리시스템 개발
04030201,1333,ADD,공식 연계표에 없음 — 웹 기반 이러닝 개발
08010101,0244,ADD,공식 연계표에 없음 — 공연·전시·문화행사 기획
08020102,1401,DROP,디자인 소분류 전체에 붙은 직업 — 제품디자인과 무관
08020102,1404,DROP,디자인 소분류 전체에 붙은 직업 — 제품디자인과 무관
08020102,1591,DROP,디자인 소분류 전체에 붙은 직업 — 제품디자인과 무관
08020102,4153,DROP,디자인 소분류 전체에 붙은 직업 — 제품디자인과 무관
08020104,1401,DROP,디자인 소분류 전체에 붙은 직업 — 디지털디자인과 무관
08020104,1404,DROP,디자인 소분류 전체에 붙은 직업 — 디지털디자인과 무관
08020104,1591,DROP,디자인 소분류 전체에 붙은 직업 — 디지털디자인과 무관
08020104,4153,DROP,디자인 소분류 전체에 붙은 직업 — 디지털디자인과 무관
08020108,1401,DROP,디자인 소분류 전체에 붙은 직업 — 색채디자인과 무관
08020108,1404,DROP,디자인 소분류 전체에 붙은 직업 — 색채디자인과 무관
08020108,1591,DROP,디자인 소분류 전체에 붙은 직업 — 색채디자인과 무관
08020108,4153,DROP,디자인 소분류 전체에 붙은 직업 — 색채디자인과 무관
08030401,4153,DROP,영상제작 소분류에 붙은 실내장식 — 영상연출과 무관
08030402,4153,DROP,영상제작 소분류에 붙은 실내장식 — 영상촬영과 무관
08030405,4153,DROP,영상제작 소분류에 붙은 실내장식 — 영상그래픽과 무관
10010101,6132,ADD,공식 연계표에 없음 — 제품 영업
10010101,6121,ADD,공식 연계표에 없음 — 기술 영업
12030102,5221,DROP,여행 소분류에 붙은 객실 승무원 — 여행상품상담과 무관
18020104,8621,DROP,패션 소분류에 붙은 패턴사 — 비주얼머천다이징과 무관
18020201,8611,ADD,공식 연계표에 없음 — 제직·섬유 제조
18020201,1562,ADD,공식 연계표에 없음 — 섬유 시험
18020301,0243,ADD,공식 연계표에 없음 — 의류 상품 기획(MD)
18020301,6154,ADD,공식 연계표에 없음 — 온라인 의류 판매
20010105,1341,DROP,정보기술 중분류에 붙은 네트워크 개발 — 빅데이터분석과 무관
20010204,1312,DROP,정보기술 중분류에 붙은 통신공학 — DB엔지니어링과 무관
20010304,0265,DROP,정보기술 중분류에 붙은 총무 사무 — 빅데이터운영·관리와 무관
20010403,1332,ADD,공식 연계표에 없음 — 소프트웨어 테스트
20010403,1320,ADD,공식 연계표에 없음 — 시스템 품질 검증
08020101,4152,DROP,디자인 소분류 전체에 붙은 직업 — 시각디자인과 무관
08020102,0244,DROP,디자인 소분류 전체에 붙은 직업 — 제품디자인과 무관
08020102,4152,DROP,디자인 소분류 전체에 붙은 직업 — 제품디자인과 무관
08020104,0244,DROP,디자인 소분류 전체에 붙은 직업 — 디지털디자인과 무관
08020104,4152,DROP,디자인 소분류 전체에 붙은 직업 — 디지털디자인과 무관
08020105,0244,DROP,디자인 소분류 전체에 붙은 직업 — 텍스타일디자인과 무관
08020108,0244,DROP,디자인 소분류 전체에 붙은 직업 — 색채디자인과 무관
08020111,0244,DROP,디자인 소분류 전체에 붙은 직업 — 패키지디자인과 무관
08020111,4152,DROP,디자인 소분류 전체에 붙은 직업 — 패키지디자인과 무관
08030201,1332,DROP,방송제작 소분류에 붙은 개발 직업 — 방송콘텐츠제작과 무관
08030201,1333,DROP,방송제작 소분류에 붙은 개발 직업 — 방송콘텐츠제작과 무관
08030201,4143,DROP,방송제작 소분류에 붙은 만화 — 방송콘텐츠제작과 무관
08030201,4151,DROP,방송제작 소분류에 붙은 제품 디자인 — 방송콘텐츠제작과 무관
08030201,0243,DROP,방송제작 소분류에 붙은 상품 기획 — 방송콘텐츠제작과 무관
08030204,1332,DROP,방송제작 소분류에 붙은 개발 직업 — 광고콘텐츠제작과 무관
08030204,1333,DROP,방송제작 소분류에 붙은 개발 직업 — 광고콘텐츠제작과 무관
08030204,4143,DROP,방송제작 소분류에 붙은 만화 — 광고콘텐츠제작과 무관
08030204,4151,DROP,방송제작 소분류에 붙은 제품 디자인 — 광고콘텐츠제작과 무관
12030101,5221,DROP,여행 소분류에 붙은 객실 승무원 — 여행상품개발과 무관
20010202,1312,DROP,정보기술 중분류에 붙은 통신공학 — 응용SW엔지니어링과 무관
